﻿<?xml version="1.0" encoding="utf-8"?>
<ContentMetaData Name="DeltaEngine.Blocks" Type="Scene" LastTimeUpdated="2013-04-22 17:00:00" ContentDeviceName="Delta">
  <ContentMetaData Name="FruitBlocks_Background" Type="Image" LastTimeUpdated="2012-10-18 14:04:49" PlatformFileId="20383" FileSize="5230" LocalFilePath="FruitBlocks_Background.png" PixelSize="128, 128"></ContentMetaData>
  <ContentMetaData Name="FruitBlocks_Block1" Type="Image" LastTimeUpdated="2012-10-18 14:04:49" PlatformFileId="20383" FileSize="5230" LocalFilePath="FruitBlocks_Block1.png" PixelSize="128, 128"></ContentMetaData>
  <ContentMetaData Name="FruitBlocks_Block1_Top" Type="Image" LastTimeUpdated="2012-10-18 14:04:49" PlatformFileId="20383" FileSize="5230" LocalFilePath="FruitBlocks_Block1_Top.png" PixelSize="128, 128"></ContentMetaData>
  <ContentMetaData Name="FruitBlocks_Block1_Bottom" Type="Image" LastTimeUpdated="2012-10-18 14:04:49" PlatformFileId="20383" FileSize="5230" LocalFilePath="FruitBlocks_Block1_Bottom.png" PixelSize="128, 128"></ContentMetaData>
  <ContentMetaData Name="FruitBlocks_Block2" Type="Image" LastTimeUpdated="2012-10-18 14:04:49" PlatformFileId="20383" FileSize="5230" LocalFilePath="FruitBlocks_Block2.png" PixelSize="128, 128"></ContentMetaData>
  <ContentMetaData Name="FruitBlocks_Block2_Top" Type="Image" LastTimeUpdated="2012-10-18 14:04:49" PlatformFileId="20383" FileSize="5230" LocalFilePath="FruitBlocks_Block2_Top.png" PixelSize="128, 128"></ContentMetaData>
  <ContentMetaData Name="FruitBlocks_Block2_Bottom" Type="Image" LastTimeUpdated="2012-10-18 14:04:49" PlatformFileId="20383" FileSize="5230" LocalFilePath="FruitBlocks_Block2_Bottom.png" PixelSize="128, 128"></ContentMetaData>
  <ContentMetaData Name="FruitBlocks_Block3" Type="Image" LastTimeUpdated="2012-10-18 14:04:49" PlatformFileId="20383" FileSize="5230" LocalFilePath="FruitBlocks_Block3.png" PixelSize="128, 128"></ContentMetaData>
  <ContentMetaData Name="FruitBlocks_Block3_Top" Type="Image" LastTimeUpdated="2012-10-18 14:04:49" PlatformFileId="20383" FileSize="5230" LocalFilePath="FruitBlocks_Block3_Top.png" PixelSize="128, 128"></ContentMetaData>
  <ContentMetaData Name="FruitBlocks_Block3_Bottom" Type="Image" LastTimeUpdated="2012-10-18 14:04:49" PlatformFileId="20383" FileSize="5230" LocalFilePath="FruitBlocks_Block3_Bottom.png" PixelSize="128, 128"></ContentMetaData>
  <ContentMetaData Name="FruitBlocks_Block4" Type="Image" LastTimeUpdated="2012-10-18 14:04:49" PlatformFileId="20383" FileSize="5230" LocalFilePath="FruitBlocks_Block4.png" PixelSize="128, 128"></ContentMetaData>
  <ContentMetaData Name="FruitBlocks_Block4_Top" Type="Image" LastTimeUpdated="2012-10-18 14:04:49" PlatformFileId="20383" FileSize="5230" LocalFilePath="FruitBlocks_Block4_Top.png" PixelSize="128, 128"></ContentMetaData>
  <ContentMetaData Name="FruitBlocks_Block4_Bottom" Type="Image" LastTimeUpdated="2012-10-18 14:04:49" PlatformFileId="20383" FileSize="5230" LocalFilePath="FruitBlocks_Block4_Bottom.png" PixelSize="128, 128"></ContentMetaData>
  <ContentMetaData Name="FruitBlocks_Block5" Type="Image" LastTimeUpdated="2012-10-18 14:04:49" PlatformFileId="20383" FileSize="5230" LocalFilePath="FruitBlocks_Block5.png" PixelSize="128, 128"></ContentMetaData>
  <ContentMetaData Name="FruitBlocks_Block5_Top" Type="Image" LastTimeUpdated="2012-10-18 14:04:49" PlatformFileId="20383" FileSize="5230" LocalFilePath="FruitBlocks_Block5_Top.png" PixelSize="128, 128"></ContentMetaData>
  <ContentMetaData Name="FruitBlocks_Block5_Bottom" Type="Image" LastTimeUpdated="2012-10-18 14:04:49" PlatformFileId="20383" FileSize="5230" LocalFilePath="FruitBlocks_Block5_Bottom.png" PixelSize="128, 128"></ContentMetaData>
  <ContentMetaData Name="FruitBlocks_Block6" Type="Image" LastTimeUpdated="2012-10-18 14:04:49" PlatformFileId="20383" FileSize="5230" LocalFilePath="FruitBlocks_Block6.png" PixelSize="128, 128"></ContentMetaData>
  <ContentMetaData Name="FruitBlocks_Block6_Top" Type="Image" LastTimeUpdated="2012-10-18 14:04:49" PlatformFileId="20383" FileSize="5230" LocalFilePath="FruitBlocks_Block6_Top.png" PixelSize="128, 128"></ContentMetaData>
  <ContentMetaData Name="FruitBlocks_Block6_Bottom" Type="Image" LastTimeUpdated="2012-10-18 14:04:49" PlatformFileId="20383" FileSize="5230" LocalFilePath="FruitBlocks_Block6_Bottom.png" PixelSize="128, 128"></ContentMetaData>
  <ContentMetaData Name="FruitBlocks_Block7" Type="Image" LastTimeUpdated="2012-10-18 14:04:49" PlatformFileId="20383" FileSize="5230" LocalFilePath="FruitBlocks_Block7.png" PixelSize="128, 128"></ContentMetaData>
  <ContentMetaData Name="FruitBlocks_Block7_Top" Type="Image" LastTimeUpdated="2012-10-18 14:04:49" PlatformFileId="20383" FileSize="5230" LocalFilePath="FruitBlocks_Block7_Top.png" PixelSize="128, 128"></ContentMetaData>
  <ContentMetaData Name="FruitBlocks_Block7_Bottom" Type="Image" LastTimeUpdated="2012-10-18 14:04:49" PlatformFileId="20383" FileSize="5230" LocalFilePath="FruitBlocks_Block7_Bottom.png" PixelSize="128, 128"></ContentMetaData>
  <ContentMetaData Name="FruitBlocks_Grid" Type="Image" LastTimeUpdated="2012-10-18 14:04:49" PlatformFileId="20383" FileSize="5230" LocalFilePath="FruitBlocks_Grid.png" PixelSize="128, 128"></ContentMetaData>
  <ContentMetaData Name="FruitBlocks_ScoreWindow" Type="Image" LastTimeUpdated="2012-10-18 14:04:49" PlatformFileId="20383" FileSize="5230" LocalFilePath="FruitBlocks_ScoreWindow.png" PixelSize="128, 128"></ContentMetaData>
  <ContentMetaData Name="FruitBlocks_VectorText" Type="Xml" LastTimeUpdated="2012-10-18 14:04:49" PlatformFileId="20383" FileSize="5230" LocalFilePath="FruitBlocks_VectorText.xml"></ContentMetaData>
  <ContentMetaData Name="FruitBlocks_BlockAffixed" Type="Sound" LastTimeUpdated="2012-10-18 14:04:49" PlatformFileId="20383" FileSize="5230" LocalFilePath="FruitBlocks_BlockAffixed.wav"></ContentMetaData>
  <ContentMetaData Name="FruitBlocks_BlockCantMove" Type="Sound" LastTimeUpdated="2012-10-18 14:04:49" PlatformFileId="20383" FileSize="5230" LocalFilePath="FruitBlocks_BlockCantMove.wav"></ContentMetaData>
  <ContentMetaData Name="FruitBlocks_BlockMoved" Type="Sound" LastTimeUpdated="2012-10-18 14:04:49" PlatformFileId="20383" FileSize="5230" LocalFilePath="FruitBlocks_BlockMoved.wav"></ContentMetaData>
  <ContentMetaData Name="FruitBlocks_GameLost" Type="Sound" LastTimeUpdated="2012-10-18 14:04:49" PlatformFileId="20383" FileSize="5230" LocalFilePath="FruitBlocks_GameLost.wav"></ContentMetaData>
  <ContentMetaData Name="FruitBlocks_MultipleRowsRemoved" Type="Sound" LastTimeUpdated="2012-10-18 14:04:49" PlatformFileId="20383" FileSize="5230" LocalFilePath="FruitBlocks_MultipleRowsRemoved.wav"></ContentMetaData>
  <ContentMetaData Name="FruitBlocks_RowRemoved" Type="Sound" LastTimeUpdated="2012-10-18 14:04:49" PlatformFileId="20383" FileSize="5230" LocalFilePath="FruitBlocks_RowRemoved.wav"></ContentMetaData>
  <ContentMetaData Name="JewelBlocks_Background" Type="Image" LastTimeUpdated="2012-10-18 14:04:49" PlatformFileId="20383" FileSize="5230" LocalFilePath="JewelBlocks_Background.png" PixelSize="128, 128"></ContentMetaData>
  <ContentMetaData Name="JewelBlocks_Block1" Type="Image" LastTimeUpdated="2012-10-18 14:04:49" PlatformFileId="20383" FileSize="5230" LocalFilePath="JewelBlocks_Block1.png" PixelSize="128, 128"></ContentMetaData>
  <ContentMetaData Name="JewelBlocks_Block2" Type="Image" LastTimeUpdated="2012-10-18 14:04:49" PlatformFileId="20383" FileSize="5230" LocalFilePath="JewelBlocks_Block2.png" PixelSize="128, 128"></ContentMetaData>
  <ContentMetaData Name="JewelBlocks_Block3" Type="Image" LastTimeUpdated="2012-10-18 14:04:49" PlatformFileId="20383" FileSize="5230" LocalFilePath="JewelBlocks_Block3.png" PixelSize="128, 128"></ContentMetaData>
  <ContentMetaData Name="JewelBlocks_Block4" Type="Image" LastTimeUpdated="2012-10-18 14:04:49" PlatformFileId="20383" FileSize="5230" LocalFilePath="JewelBlocks_Block4.png" PixelSize="128, 128"></ContentMetaData>
  <ContentMetaData Name="JewelBlocks_Block5" Type="Image" LastTimeUpdated="2012-10-18 14:04:49" PlatformFileId="20383" FileSize="5230" LocalFilePath="JewelBlocks_Block5.png" PixelSize="128, 128"></ContentMetaData>
  <ContentMetaData Name="JewelBlocks_Block6" Type="Image" LastTimeUpdated="2012-10-18 14:04:49" PlatformFileId="20383" FileSize="5230" LocalFilePath="JewelBlocks_Block6.png" PixelSize="128, 128"></ContentMetaData>
  <ContentMetaData Name="JewelBlocks_Block7" Type="Image" LastTimeUpdated="2012-10-18 14:04:49" PlatformFileId="20383" FileSize="5230" LocalFilePath="JewelBlocks_Block7.png" PixelSize="128, 128"></ContentMetaData>
  <ContentMetaData Name="JewelBlocks_Grid" Type="Image" LastTimeUpdated="2012-10-18 14:04:49" PlatformFileId="20383" FileSize="5230" LocalFilePath="JewelBlocks_Grid.png" PixelSize="128, 128"></ContentMetaData>
  <ContentMetaData Name="JewelBlocks_ScoreWindow" Type="Image" LastTimeUpdated="2012-10-18 14:04:49" PlatformFileId="20383" FileSize="5230" LocalFilePath="JewelBlocks_ScoreWindow.png" PixelSize="128, 128"></ContentMetaData>
  <ContentMetaData Name="JewelBlocks_VectorText" Type="Xml" LastTimeUpdated="2012-10-18 14:04:49" PlatformFileId="20383" FileSize="5230" LocalFilePath="JewelBlocks_VectorText.xml"></ContentMetaData>
  <ContentMetaData Name="JewelBlocks_BlockAffixed" Type="Sound" LastTimeUpdated="2012-10-18 14:04:49" PlatformFileId="20383" FileSize="5230" LocalFilePath="JewelBlocks_BlockAffixed.wav"></ContentMetaData>
  <ContentMetaData Name="JewelBlocks_BlockCantMove" Type="Sound" LastTimeUpdated="2012-10-18 14:04:49" PlatformFileId="20383" FileSize="5230" LocalFilePath="JewelBlocks_BlockCantMove.wav"></ContentMetaData>
  <ContentMetaData Name="JewelBlocks_BlockMoved" Type="Sound" LastTimeUpdated="2012-10-18 14:04:49" PlatformFileId="20383" FileSize="5230" LocalFilePath="JewelBlocks_BlockMoved.wav"></ContentMetaData>
  <ContentMetaData Name="JewelBlocks_GameLost" Type="Sound" LastTimeUpdated="2012-10-18 14:04:49" PlatformFileId="20383" FileSize="5230" LocalFilePath="JewelBlocks_GameLost.wav"></ContentMetaData>
  <ContentMetaData Name="JewelBlocks_MultipleRowsRemoved" Type="Sound" LastTimeUpdated="2012-10-18 14:04:49" PlatformFileId="20383" FileSize="5230" LocalFilePath="JewelBlocks_MultipleRowsRemoved.wav"></ContentMetaData>
  <ContentMetaData Name="JewelBlocks_RowRemoved" Type="Sound" LastTimeUpdated="2012-10-18 14:04:49" PlatformFileId="20383" FileSize="5230" LocalFilePath="JewelBlocks_RowRemoved.wav"></ContentMetaData>
</ContentMetaData>
