﻿<?xml version="1.0" encoding="utf-8"?>
<ContentMetaData Name="DeltaEngine.DameOfDeath" Type="Scene" LastTimeUpdated="2013-04-22 17:00:00" ContentDeviceName="Delta">
  <ContentMetaData Name="Atomic" Type="Image" LastTimeUpdated="2012-10-18 14:04:49" PlatformFileId="20383" FileSize="5230" LocalFilePath="Atomic.png" PixelSize="128, 128"></ContentMetaData>
  <ContentMetaData Name="BloodSplatter" Type="Image" LastTimeUpdated="2012-10-18 14:04:49" PlatformFileId="20383" FileSize="5230" LocalFilePath="BloodSplatter.png" PixelSize="128, 128"></ContentMetaData>
  <ContentMetaData Name="DeadRabbit" Type="Image" LastTimeUpdated="2012-10-18 14:04:49" PlatformFileId="20383" FileSize="5230" LocalFilePath="DeadRabbit.png" PixelSize="128, 128"></ContentMetaData>
  <ContentMetaData Name="Fire" Type="Image" LastTimeUpdated="2012-10-18 14:04:49" PlatformFileId="20383" FileSize="5230" LocalFilePath="Fire.png" PixelSize="128, 128"></ContentMetaData>
  <ContentMetaData Name="GameOver" Type="Image" LastTimeUpdated="2012-10-18 14:04:49" PlatformFileId="20383" FileSize="5230" LocalFilePath="GameOver.png" PixelSize="128, 128"></ContentMetaData>
  <ContentMetaData Name="GrassBackground" Type="Image" LastTimeUpdated="2012-10-18 14:04:49" PlatformFileId="20383" FileSize="5230" LocalFilePath="GrassBackground.png" PixelSize="128, 128"></ContentMetaData>
  <ContentMetaData Name="IconAtomic" Type="Image" LastTimeUpdated="2012-10-18 14:04:49" PlatformFileId="20383" FileSize="5230" LocalFilePath="IconAtomic.png" PixelSize="128, 128"></ContentMetaData>
  <ContentMetaData Name="IconFire" Type="Image" LastTimeUpdated="2012-10-18 14:04:49" PlatformFileId="20383" FileSize="5230" LocalFilePath="IconFire.png" PixelSize="128, 128"></ContentMetaData>
  <ContentMetaData Name="IconMallet" Type="Image" LastTimeUpdated="2012-10-18 14:04:49" PlatformFileId="20383" FileSize="5230" LocalFilePath="IconMallet.png" PixelSize="128, 128"></ContentMetaData>
  <ContentMetaData Name="IconToxic" Type="Image" LastTimeUpdated="2012-10-18 14:04:49" PlatformFileId="20383" FileSize="5230" LocalFilePath="IconToxic.png" PixelSize="128, 128"></ContentMetaData>
  <ContentMetaData Name="Logo" Type="Image" LastTimeUpdated="2012-10-18 14:04:49" PlatformFileId="20383" FileSize="5230" LocalFilePath="Logo.png" PixelSize="128, 128"></ContentMetaData>
  <ContentMetaData Name="Mallet" Type="Image" LastTimeUpdated="2012-10-18 14:04:49" PlatformFileId="20383" FileSize="5230" LocalFilePath="Mallet.png" PixelSize="128, 128"></ContentMetaData>
  <ContentMetaData Name="MalletEffect" Type="Image" LastTimeUpdated="2012-10-18 14:04:49" PlatformFileId="20383" FileSize="5230" LocalFilePath="MalletEffect.png" PixelSize="128, 128"></ContentMetaData>
  <ContentMetaData Name="Rabbit" Type="Image" LastTimeUpdated="2012-10-18 14:04:49" PlatformFileId="20383" FileSize="5230" LocalFilePath="Rabbit.png" PixelSize="128, 128"></ContentMetaData>
  <ContentMetaData Name="RingExplosion" Type="Image" LastTimeUpdated="2012-10-18 14:04:49" PlatformFileId="20383" FileSize="5230" LocalFilePath="RingExplosion.png" PixelSize="128, 128"></ContentMetaData>
  <ContentMetaData Name="Toxic" Type="Image" LastTimeUpdated="2012-10-18 14:04:49" PlatformFileId="20383" FileSize="5230" LocalFilePath="Toxic.png" PixelSize="128, 128"></ContentMetaData>
  <ContentMetaData Name="ToxicCloud" Type="Image" LastTimeUpdated="2012-10-18 14:04:49" PlatformFileId="20383" FileSize="5230" LocalFilePath="ToxicCloud.png" PixelSize="128, 128"></ContentMetaData>
  <ContentMetaData Name="UIBottom" Type="Image" LastTimeUpdated="2012-10-18 14:04:49" PlatformFileId="20383" FileSize="5230" LocalFilePath="UIBottom.png" PixelSize="128, 128"></ContentMetaData>
  <ContentMetaData Name="UILeft" Type="Image" LastTimeUpdated="2012-10-18 14:04:49" PlatformFileId="20383" FileSize="5230" LocalFilePath="UILeft.png" PixelSize="128, 128"></ContentMetaData>
  <ContentMetaData Name="UIRight" Type="Image" LastTimeUpdated="2012-10-18 14:04:49" PlatformFileId="20383" FileSize="5230" LocalFilePath="UIRight.png" PixelSize="128, 128"></ContentMetaData>
  <ContentMetaData Name="UITop" Type="Image" LastTimeUpdated="2012-10-18 14:04:49" PlatformFileId="20383" FileSize="5230" LocalFilePath="UITop.png" PixelSize="128, 128"></ContentMetaData>
  <ContentMetaData Name="AtomicExplosion" Type="Sound" LastTimeUpdated="2012-10-18 14:04:49" PlatformFileId="20383" FileSize="5230" LocalFilePath="AtomicExplosion.wav"></ContentMetaData>
  <ContentMetaData Name="FireEffect" Type="Sound" LastTimeUpdated="2012-10-18 14:04:49" PlatformFileId="20383" FileSize="5230" LocalFilePath="FireEffect.wav"></ContentMetaData>
  <ContentMetaData Name="MalletHit" Type="Sound" LastTimeUpdated="2012-10-18 14:04:49" PlatformFileId="20383" FileSize="5230" LocalFilePath="MalletHit.wav"></ContentMetaData>
  <ContentMetaData Name="MalletSwing" Type="Sound" LastTimeUpdated="2012-10-18 14:04:49" PlatformFileId="20383" FileSize="5230" LocalFilePath="MalletSwing.wav"></ContentMetaData>
  <ContentMetaData Name="ToxicEffect" Type="Sound" LastTimeUpdated="2012-10-18 14:04:49" PlatformFileId="20383" FileSize="5230" LocalFilePath="ToxicEffect.wav"></ContentMetaData>
  <ContentMetaData Name="Tahoma" Type="Font" LastTimeUpdated="2012-12-14 20:06:32" FontFamilyName="Tahoma" FontSize="12" FontStyle="AddOutline" FontTracking="0" ExtraMetaData="Characters|!-ÿ">
    <ContentMetaData Name="Tahoma30" Type="Font" LastTimeUpdated="2012-12-14 20:06:32" PlatformFileId="21202" FileSize="21078" LocalFilePath="Tahoma30.xml" FontFamilyName="Tahoma" FontSize="12" FontStyle="AddOutline" FontTracking="0"></ContentMetaData>
    <ContentMetaData Name="Tahoma30Font" Type="Image" LastTimeUpdated="2012-12-14 20:06:32" PlatformFileId="21203" FileSize="11551" LocalFilePath="Tahoma30Font.png" PixelSize="256, 108" UseFiltering="False"></ContentMetaData>
  </ContentMetaData>
</ContentMetaData>
